Date,BTC,ETH,XRP,XLM,LTC,ADA
2018-09-10,6312,197.15,0.27,0.19011,54.34,null
2018-09-11,6294.91,185.18,0.26314,0.20071,52.04,null
2018-09-12,6338.62,183.12,0.2699,0.19672,51.69,null
2018-09-13,6487.38,210.68,0.27933,0.2058,54.44,null
2018-09-14,6476.63,208.82,0.27571,0.20012,56.24,null
2018-09-15,6514.96,221.29,0.28031,0.20204,56.22,null
2018-09-16,6505,220.17,0.28122,0.2058,56.75,null
2018-09-17,6248.69,196.16,0.2706,0.19521,52.07,null
2018-09-18,6336.45,208.17,0.31897,0.20666,53.96,null
2018-09-19,6391.89,209.79,0.32679,0.20632,54.27,null
2018-09-20,6492,224,0.44819,0.23216,56.53,null
2018-09-21,6759.02,247.73,0.56405,0.24808,60.83,null
2018-09-22,6723.05,241.01,0.57368,0.24047,60.65,null
2018-09-23,6708,244.5,0.5719,0.28163,61.38,null
2018-09-24,6581.39,228.06,0.49358,0.25856,58.01,null
2018-09-25,6447.54,219.62,0.5256,0.253,57.61,null
2018-09-26,6465.12,214.42,0.513,0.24353,57.18,null
2018-09-27,6689.13,229.13,0.54305,0.26009,63.28,null
2018-09-28,6634.58,221.84,0.54025,0.25325,61.95,null
2018-09-29,6596.38,231.62,0.56876,0.2543,61.61,null
2018-09-30,6626.57,232.94,0.58257,0.2599,61.21,null
2018-10-01,6611.61,231.61,0.5776,0.25883,60.45,null
2018-10-02,6525.79,225.69,0.51692,0.24662,59.46,null
2018-10-03,6510,220.77,0.5293,0.2419,57.56,null
2018-10-04,6593.79,222.66,0.5294,0.2443,58.42,null
2018-10-05,6635.65,228.37,0.5211,0.24767,58.93,null
2018-10-06,6594.27,225.4,0.48964,0.24145,57.96,null
2018-10-07,6615.26,226.14,0.48269,0.24535,58.33,null
2018-10-08,6673.01,230.01,0.49335,0.24998,59.66,null
2018-10-09,6656.61,228.4,0.48199,0.2481,59.03,null
2018-10-10,6631,226.74,0.46605,0.24306,58.46,null
2018-10-11,6252.68,191.58,0.38315,0.2071,51.36,null
2018-10-12,6298.01,196.96,0.42071,0.21563,53.74,null
2018-10-13,6332.93,201.3,0.4227,0.21624,54.05,null
2018-10-14,6339.34,197.01,0.40994,0.21102,52.61,null
2018-10-15,6752.5,214.39,0.46168,0.22943,56.16,null
2018-10-16,6759.27,215.09,0.48352,0.23675,55.54,null
2018-10-17,6740.89,212.85,0.48437,0.24971,55.27,null
2018-10-18,6618.96,206.24,0.4675,0.24556,53.53,null
2018-10-19,6528.88,205,0.46077,0.25008,53.71,null
2018-10-20,6588.4,207.91,0.46788,0.25185,54.28,null
2018-10-21,6590.11,207.49,0.46458,0.24731,53.61,null
2018-10-22,6581.2,206.67,0.46192,0.24851,53.12,null
2018-10-23,6553.51,205.85,0.47006,0.24555,53.33,null
2018-10-24,6565.5,205.35,0.46402,0.24113,53.11,null
2018-10-25,6528.09,203.93,0.46351,0.23836,52.84,null
2018-10-26,6538.63,204.92,0.46657,0.2371,52.56,null
2018-10-27,6505.6,204.45,0.46012,0.23113,52.25,null
2018-10-28,6489.93,204.99,0.46472,0.23453,52.07,null
2018-10-29,6344.5,196.96,0.44506,0.22273,49.21,null
2018-10-30,6330.87,197.27,0.44749,0.22368,49.34,null
2018-10-31,6371.93,198.73,0.45418,0.22668,49.93,null
2018-11-01,6410,199.96,0.46141,0.22648,50.61,null
2018-11-02,6433.98,202.35,0.463,0.23838,51.78,null
2018-11-03,6387.09,200.31,0.45713,0.23673,51.04,null
2018-11-04,6485.85,212.11,0.46999,0.24596,54.6,null
2018-11-05,6468.99,210.66,0.5022,0.24919,53.91,null
2018-11-06,6519.11,220.74,0.55523,0.2688,56.48,null
2018-11-07,6578.46,219.07,0.5409,0.25916,54.47,null
2018-11-08,6479.84,212.79,0.49694,0.25825,52.72,null
2018-11-09,6419.99,210.77,0.5044,0.25864,52.25,null
2018-11-10,6433.05,213.25,0.50956,0.26459,52.48,null
2018-11-11,6449.81,212.54,0.51019,0.27712,51.46,null
2018-11-12,6453.07,212.89,0.5245,0.27108,51.26,null
2018-11-13,6457.66,209.84,0.51736,0.26139,50.43,null
2018-11-14,5922.41,187.43,0.4846,0.241,45.05,null
2018-11-15,5753.4,184.35,0.48931,0.24508,44.78,null
2018-11-16,5655.94,176.89,0.47765,0.24148,42.89,null
2018-11-17,5628.29,176.2,0.49813,0.24886,42.43,null
2018-11-18,5662,178.97,0.51611,0.25333,42.61,null
2018-11-19,4910.03,150.81,0.4825,0.22749,37.07,null
2018-11-20,4558.86,133.82,0.44285,0.19688,33.8,null
2018-11-21,4661.07,138.23,0.45367,0.20619,35.15,null
2018-11-22,4370,126.63,0.42831,0.18715,32.11,null
2018-11-23,4420.61,125.02,0.41447,0.18395,32.74,null
2018-11-24,3932.44,114.89,0.37982,0.15399,29.73,null
2018-11-25,4085.78,118.67,0.382,0.16293,31.49,null
2018-11-26,3862.2,110.68,0.36354,0.14773,30.18,null
2018-11-27,3875.21,111.43,0.365,0.14663,31.61,null
2018-11-28,4264.85,122.9,0.39203,0.16107,34.74,null
2018-11-29,4295.84,117.98,0.38149,0.16524,33.88,null
2018-11-30,4041.32,113.73,0.36466,0.15973,32.21,null
2018-12-01,4190.02,118.1,0.37205,0.16451,34.17,null
2018-12-02,4161.01,116.57,0.36963,0.16101,33.82,null
2018-12-03,3884.01,108.76,0.34827,0.14893,30.9,null
2018-12-04,3951.64,109.94,0.35231,0.14692,31.13,null
2018-12-05,3769.84,102.71,0.3395,0.13393,29.27,null
2018-12-06,3508.75,91,0.30919,0.1178,26.78,null
2018-12-07,3403.55,93.05,0.30114,0.11495,24.91,null
2018-12-08,3410.93,90.38,0.30247,0.1162,24.22,null
2018-12-09,3545.37,93.26,0.30914,0.12121,25.37,null
2018-12-10,3432.88,89.91,0.29956,0.11546,24.14,null
2018-12-11,3380.39,87.76,0.29904,0.11122,23.41,null
2018-12-12,3445,89.41,0.30463,0.1124,24.13,null
2018-12-13,3302.06,86.34,0.29934,0.10472,23.08,null
2018-12-14,3224.17,83.82,0.28816,0.09666,23.34,null
2018-12-15,3211.72,83.76,0.28422,0.09453,23.6,null
2018-12-16,3228.67,84.67,0.28669,0.09569,25.52,null
2018-12-17,3509.08,94.02,0.32721,0.10874,28.95,null
2018-12-18,3652.98,100.39,0.34979,0.11368,29.89,null
2018-12-19,3662.22,98.74,0.34468,0.11174,28.83,null
2018-12-20,4049.62,114.05,0.37228,0.12414,32.18,null
2018-12-21,3838.66,107.69,0.35428,0.11869,30.29,null
2018-12-22,3948.91,115.2,0.35644,0.1201,31.33,null
2018-12-23,3929.71,129.03,0.3669,0.12454,32.97,null
2018-12-24,4008.01,138.03,0.40092,0.13063,32.68,null
2018-12-25,3745.79,127.6,0.37598,0.11882,30.5,null
2018-12-26,3777.74,129.35,0.37253,0.11836,30.3,null
2018-12-27,3567.91,113.8,0.33368,0.10727,27.55,null
2018-12-28,3839.26,135.3,0.36997,0.11878,31.8,null
2018-12-29,3695.32,132.89,0.35593,0.11435,30.28,null
2018-12-30,3801.91,137.77,0.36489,0.11556,31.38,null
2018-12-31,3702.9,131.45,0.34849,0.11002,29.9,null
2019-01-01,3797.14,139.1,0.3608,0.11351,31.48,null
2019-01-02,3858.56,152.01,0.36882,0.11656,32.67,null
2019-01-03,3766.78,146.3,0.3524,0.11139,31.39,null
2019-01-04,3792.01,151.97,0.35308,0.11271,31.76,null
2019-01-05,3770.96,152.83,0.34851,0.11148,34.33,null
2019-01-06,3987.6,153.86,0.36042,0.11871,38.3,null
2019-01-07,3975.45,149.34,0.36022,0.12232,37.35,null
2019-01-08,3955.13,147.6,0.36073,0.12153,38.7,null
2019-01-09,3966.65,148.1,0.3648,0.1225,38.17,null
2019-01-10,3585.88,124.95,0.32464,0.10595,32.81,null
2019-01-11,3601.31,124.65,0.3258,0.10385,31.49,null
2019-01-12,3583.13,123.35,0.32557,0.10447,31.65,null
2019-01-13,3476.81,114.16,0.31132,0.10102,29.59,null
2019-01-14,3626.09,126.95,0.32871,0.10732,31.71,null
2019-01-15,3553.06,118.95,0.3215,0.1037,30.75,null
2019-01-16,3591.84,121.48,0.3257,0.10551,31.29,null
2019-01-17,3616.21,121.54,0.32489,0.10712,31.4,null
2019-01-18,3594.87,119.17,0.32036,0.10542,30.77,null
2019-01-19,3665.3,122.6,0.3267,0.10651,32,null
2019-01-20,3539.28,117.47,0.3168,0.10289,30.64,null
2019-01-21,3526.9,115.63,0.31767,0.10139,30.82,null
2019-01-22,3570.93,117.81,0.31762,0.10209,31.41,null
2019-01-23,3552.82,116.44,0.31415,0.10068,31.69,null
2019-01-24,3569.62,116.39,0.31593,0.101,32.51,null
2019-01-25,3565.29,115.11,0.31384,0.0995,32.69,null
2019-01-26,3565.25,115.34,0.31258,0.09814,32.8,null
2019-01-27,3550.84,112.05,0.30646,0.0943,32.21,null
2019-01-28,3434.15,105.5,0.29223,0.08583,30.94,null
2019-01-29,3411.04,104.45,0.28693,0.08216,30.81,null
2019-01-30,3458.18,108.29,0.32109,0.08509,31.68,null
2019-01-31,3434.1,106.44,0.30911,0.08115,31.41,null
2019-02-01,3462.07,106.73,0.30624,0.08083,32.65,null
2019-02-02,3504.77,110.42,0.3103,0.083,34.59,null
2019-02-03,3458.11,107.36,0.30219,0.08012,33.44,null
2019-02-04,3463.22,107.68,0.29939,0.07862,34.09,null
2019-02-05,3471.59,107.27,0.29972,0.07702,34.34,null
2019-02-06,3405.37,104.5,0.2894,0.07426,32.79,null
2019-02-07,3398.4,104.48,0.29145,0.07426,33.24,null
2019-02-08,3659.04,119.25,0.31205,0.08142,42.99,null
2019-02-09,3665.18,119.19,0.31215,0.08069,44.68,null
2019-02-10,3680.06,125.12,0.30988,0.08022,46.79,null
2019-02-11,3631.05,120.89,0.30255,0.077,42.9,null
2019-02-12,3631.46,122.41,0.30514,0.07718,43.89,null
2019-02-13,3609.4,121.86,0.30382,0.07622,41.61,null
2019-02-14,3590.56,120.42,0.30081,0.07626,41.26,null
2019-02-15,3602.47,121.67,0.30194,0.07907,42.58,null
2019-02-16,3618.41,122.67,0.30077,0.07811,43.34,null
2019-02-17,3667.58,133.75,0.30318,0.07964,43.91,null
2019-02-18,3898.6,145.69,0.32194,0.08371,47.84,null
2019-02-19,3907.79,143.44,0.32238,0.08974,47.14,null
2019-02-20,3969.74,148.44,0.3315,0.09198,51.5,null
2019-02-21,3937.31,145.69,0.3207,0.08854,48.94,null
2019-02-22,3962,147.36,0.32105,0.0904,49.19,null
2019-02-23,4117.76,157.79,0.33201,0.09389,51.4,null
2019-02-24,3743.56,132.1,0.29757,0.08185,43.75,null
2019-02-25,3827.92,137.87,0.32731,0.08603,45.4,null
2019-02-26,3809.23,136.22,0.31658,0.08441,44.76,null
2019-02-27,3818.07,135.02,0.31067,0.08413,45.16,null
2019-02-28,3813.69,135.34,0.3139,0.08439,45.61,null
2019-03-01,3823,135.32,0.31564,0.08467,47.05,null
2019-03-02,3819.93,132.56,0.31382,0.08358,48.49,null
2019-03-03,3807.75,130.6,0.31114,0.0875,47.86,null
2019-03-04,3715.3,125.65,0.30207,0.08199,45.78,null
2019-03-05,3857.73,136.72,0.31471,0.08565,52.52,null
2019-03-06,3861.84,137.4,0.31629,0.08469,55.37,null
2019-03-07,3873.64,136.81,0.31311,0.08519,56.73,null
2019-03-08,3864.89,133.52,0.30775,0.08629,55.61,null
2019-03-09,3943.04,137.27,0.31389,0.09028,57.78,null
2019-03-10,3916.82,135.37,0.31289,0.10028,56.59,null
2019-03-11,3871.61,132.67,0.30992,0.10199,54.82,null
2019-03-12,3882.73,133.57,0.31031,0.10541,56.58,null
2019-03-13,3866,131.65,0.31332,0.10916,55.29,null
2019-03-14,3877.12,132.2,0.31131,0.10639,55.94,null
2019-03-15,3923.76,136.56,0.31473,0.10621,58.52,null
2019-03-16,4005.98,140.92,0.31868,0.10837,61.21,null
2019-03-17,3981.14,138.67,0.3154,0.10896,60.47,null
2019-03-18,3987.81,137.59,0.31452,0.11616,59.17,null
2019-03-19,4015.53,138.55,0.31594,0.11193,59.52,null
2019-03-20,4043.04,139.01,0.31779,0.10882,60.27,null
2019-03-21,3980.64,134.85,0.30965,0.10554,58.54,null
2019-03-22,3986.93,135.98,0.31041,0.10815,59.26,null
2019-03-23,4006.01,137.28,0.31182,0.10681,60.89,null
2019-03-24,3992.18,136.09,0.30787,0.10437,59.82,null
2019-03-25,3936.12,133.98,0.3031,0.10014,59.04,null
2019-03-26,3948.55,134.18,0.30302,0.10258,58.79,null
2019-03-27,4038.05,139.45,0.31012,0.1076,61.44,null
2019-03-28,4027.81,137.86,0.30604,0.1065,60.5,null
2019-03-29,4103.25,143.25,0.30774,0.10752,61.45,null
2019-03-30,4106.97,142.46,0.31107,0.10725,60.45,null
2019-03-31,4103.95,141.38,0.30889,0.10824,60.48,null
2019-04-01,4144.56,141.24,0.31248,0.11017,60.45,null
2019-04-02,4857.29,163.31,0.3505,0.12111,76.78,null
2019-04-03,4932.6,159.96,0.34022,0.12038,85.19,null
2019-04-04,4898.66,157.36,0.32996,0.11722,84.7,null
2019-04-05,5004.95,164.77,0.3613,0.12697,88.24,null
2019-04-06,5043.89,165.5,0.35264,0.12492,92.21,null
2019-04-07,5170.27,174.21,0.3612,0.13226,91.55,null
2019-04-08,5236.9,178.72,0.35568,0.12969,88.57,null
2019-04-09,5150,174.6,0.34732,0.12417,86.17,null
2019-04-10,5308.25,177.12,0.35345,0.12578,88.16,null
2019-04-11,5017.37,164.07,0.32705,0.11438,78.88,null
2019-04-12,5048.01,163.19,0.32325,0.11318,78.47,null
2019-04-13,5045.22,162.99,0.32458,0.11501,77.62,null
2019-04-14,5131.3,167.23,0.32762,0.1172,83.28,null
2019-04-15,5024.95,159.95,0.31905,0.11237,78.07,null
2019-04-16,5173.72,165.37,0.32379,0.11423,80.27,null
2019-04-17,5202.82,165.75,0.33436,0.11667,78.77,null
2019-04-18,5258.44,173.33,0.33533,0.11732,81.68,null
2019-04-19,5258.68,172.64,0.32999,0.11486,82.05,null
2019-04-20,5291.73,172.88,0.32668,0.11526,81.15,null
2019-04-21,5256.14,168.59,0.31963,0.11095,76.65,null
2019-04-22,5357.14,170.52,0.32252,0.11229,76.51,null
2019-04-23,5493.31,169.16,0.31807,0.10867,73.7,null
2019-04-24,5415,164.78,0.29963,0.10232,72.85,null
2019-04-25,5219.9,154.72,0.29161,0.09854,71.78,null
2019-04-26,5314.1,157.95,0.3035,0.09993,73.82,null
2019-04-27,5295.69,159.31,0.29928,0.10037,72.23,null
2019-04-28,5307.52,157.85,0.29946,0.0985,69.89,null
2019-04-29,5238.14,155.11,0.29323,0.09551,67.87,null
2019-04-30,5320.81,161.83,0.3087,0.10061,74.32,null
2019-05-01,5383.2,160.19,0.30304,0.10106,73.36,null
2019-05-02,5492.87,161.81,0.30205,0.09974,73.68,null
2019-05-03,5772.69,168.06,0.30784,0.10224,79.22,null
2019-05-04,5829.45,163.7,0.30305,0.09856,77.77,null
2019-05-05,5775.62,163.05,0.30044,0.097,75.7,null
2019-05-06,5747.79,173,0.30283,0.09718,74.94,null
2019-05-07,5846.34,169.18,0.29819,0.0933,74.61,null
2019-05-08,5987.29,170.85,0.29958,0.09216,74.44,null
2019-05-09,6209.18,170.9,0.29488,0.08883,74.19,null
2019-05-10,6373.33,172.91,0.29881,0.09238,77.11,null
2019-05-11,7076.22,190.2,0.31724,0.10273,86.59,null
2019-05-12,6967.31,188.11,0.31016,0.09823,84.73,null
2019-05-13,7790.71,195.84,0.32409,0.09951,87.16,null
2019-05-14,7947.56,216.4,0.409,0.11338,91.17,null
2019-05-15,8169.87,248.1,0.45734,0.14126,102.02,null
2019-05-16,7866.59,264.25,0.41876,0.13805,95.49,null
2019-05-17,7355.26,244.3,0.38862,0.13084,89.76,null
2019-05-18,7257.45,233.6,0.37183,0.13129,86.51,null
2019-05-19,8148.48,259.51,0.41631,0.14264,94.58,null
2019-05-20,7938.15,250.37,0.39636,0.13495,91.1,null
2019-05-21,7904.87,253.43,0.39524,0.13359,90.79,null
2019-05-22,7628.43,243.64,0.37183,0.12173,87.74,null
2019-05-23,7851.51,244.56,0.37956,0.12483,88.61,null
2019-05-24,7964.87,248.87,0.38286,0.12522,100.5,null
2019-05-25,8025.41,250.22,0.3852,0.12475,102.66,null
2019-05-26,8614.43,264.45,0.40372,0.1316,111,null
2019-05-27,8756.32,270.53,0.43331,0.13778,116.3,null
2019-05-28,8715.64,271.03,0.44877,0.13917,114.81,null
2019-05-29,8645.68,268.83,0.44307,0.13566,115.06,null
2019-05-30,8269.54,254.56,0.41789,0.12872,107.78,null
2019-05-31,8555,267.9,0.43851,0.13348,114.6,null
2019-06-01,8544.07,264.33,0.42894,0.13257,112.35,null
2019-06-02,8725.98,268.88,0.44396,0.13639,114.39,null
2019-06-03,8115.82,249.91,0.41731,0.12764,105.99,null
2019-06-04,7687.03,241.39,0.39878,0.12106,102.2,null
2019-06-05,7776.5,245.63,0.4001,0.12119,103.66,null
2019-06-06,7786.7,248.76,0.41937,0.1248,111.19,null
2019-06-07,7980.53,248.77,0.41886,0.12705,116.71,null
2019-06-08,7893.62,243.25,0.40699,0.12376,118.01,null
2019-06-09,7628.13,230.98,0.38527,0.11845,114.66,null
2019-06-10,7982.75,246.51,0.3999,0.12323,129.15,null
2019-06-11,7884.9,244.29,0.39192,0.12234,135.69,null
2019-06-12,8127.64,261.15,0.40074,0.12697,135.32,null
2019-06-13,8218.54,254.67,0.39876,0.12414,130.55,null
2019-06-14,8650,262.47,0.40201,0.12486,132,null
2019-06-15,8808.7,267.82,0.4095,0.12638,137.54,null
2019-06-16,8953.33,267.73,0.42703,0.12958,136.45,null
2019-06-17,9313.96,273.16,0.44705,0.13087,133.8,null
2019-06-18,9081.55,264.66,0.42694,0.1237,135.22,null
2019-06-19,9255.49,268.14,0.43406,0.12382,136.43,null
2019-06-20,9517.12,271.22,0.42995,0.12099,135.46,null
2019-06-21,10159.86,294.35,0.4425,0.12315,138.28,null
2019-06-22,10729.5,310.79,0.47729,0.12981,142.26,null
2019-06-23,10906.07,308.52,0.47015,0.12817,137.5,null
2019-06-24,11056.59,311.64,0.47385,0.12845,135.77,null
2019-06-25,11820.86,318.26,0.46809,0.12399,136.33,null
2019-06-26,13093.8,339.39,0.46805,0.12317,132.25,null
2019-06-27,11329.99,298.35,0.41049,0.10921,116.01,null
2019-06-28,12400.63,311.05,0.4261,0.11169,120.01,null
2019-06-29,11903.13,317.62,0.4262,0.11491,133.86,null
2019-06-30,10854.1,292.7,0.3962,0.10495,123.25,null
2019-07-01,10624.93,295.07,0.40691,0.10597,123.17,null
2019-07-02,10842.85,291.48,0.39794,0.10287,118.77,null
2019-07-03,11940,301.14,0.40456,0.10559,121.36,null
2019-07-04,11145.67,282.73,0.38723,0.09908,119.61,null
2019-07-05,10970.73,287.47,0.37881,0.10003,118.35,null
2019-07-06,11256.49,288.29,0.39031,0.10373,118.31,null
2019-07-07,11406.24,304.72,0.39651,0.10555,119.48,null
2019-07-08,12238.6,311.97,0.40073,0.10395,122.92,null
2019-07-09,12543.41,307.46,0.39362,0.10117,119.24,null
2019-07-10,12108.37,289.23,0.36154,0.09484,108.31,null
2019-07-11,11342.89,268.63,0.32875,0.08697,102.98,null
2019-07-12,11757.22,274.62,0.34336,0.09784,104.86,null
2019-07-13,11355.76,268.79,0.33206,0.09608,101.03,null
2019-07-14,10174.18,225.85,0.30366,0.08547,89.66,null
2019-07-15,10838.72,228.2,0.31287,0.08542,90.43,null
2019-07-16,9439.59,198.88,0.29543,0.07828,79.61,null
2019-07-17,9667.92,210.81,0.31032,0.08054,89.95,null
2019-07-18,10627.16,225.73,0.32035,0.0883,101.16,null
2019-07-19,10504.29,220.73,0.3188,0.09332,98.23,null
2019-07-20,10740.23,228.2,0.33279,0.09473,100.25,null
2019-07-21,10589.45,225.38,0.33075,0.09111,99.7,null
2019-07-22,10340.31,217.51,0.32111,0.08884,95.31,null
2019-07-23,9864.91,212.48,0.30891,0.08441,90.15,null
2019-07-24,9763.28,216.31,0.31548,0.08605,94.5,null
2019-07-25,9879.87,219.14,0.31335,0.08565,93.22,null
2019-07-26,9824,218.81,0.32303,0.0879,94.06,null
2019-07-27,9476.52,207.3,0.30965,0.08432,88.79,null
2019-07-28,9541.54,211.62,0.31218,0.084,90,null
2019-07-29,9507.64,210.89,0.31004,0.08336,90.33,null
2019-07-30,9574.21,209.58,0.31823,0.08341,90.15,null
2019-07-31,10080.53,218.42,0.31959,0.08383,98.76,null
2019-08-01,10374.99,216.84,0.31575,0.08273,98.64,null
2019-08-02,10523.75,217.61,0.31178,0.08196,94.76,null
2019-08-03,10816.86,222.14,0.31596,0.08236,94.17,null
2019-08-04,10929.23,221.79,0.31813,0.08183,92.64,null
2019-08-05,11828.8,233.54,0.32242,0.08241,96.56,null
2019-08-06,11481.69,226.28,0.3116,0.07837,92.99,null
2019-08-07,11975.03,226.1,0.31109,0.07859,90.59,null
2019-08-08,11999.77,221.39,0.30825,0.07691,90.15,null
2019-08-09,11879.99,210.53,0.29649,0.07182,84.24,null
2019-08-10,11309.31,206.48,0.29918,0.07375,85.46,null
2019-08-11,11549.97,216.42,0.30316,0.0782,89.93,null
2019-08-12,11396.08,211.41,0.3006,0.07547,85.79,null
2019-08-13,10892.71,209.3,0.298,0.07442,84.88,null
2019-08-14,10050.37,187.1,0.26353,0.0692,75.9,null
2019-08-15,10293.93,188.03,0.26378,0.07019,76.25,null
2019-08-16,10331.54,184.88,0.26047,0.06844,74.67,null
2019-08-17,10216.02,185.59,0.26546,0.0677,72.65,null
2019-08-18,10306.78,194.33,0.2832,0.07072,76.25,null
2019-08-19,10915.54,202.28,0.28202,0.0717,77.1,null
2019-08-20,10760.51,196.6,0.27432,0.06877,75.14,null
2019-08-21,10142.57,187.45,0.26589,0.06691,73.27,null
2019-08-22,10099.88,190.35,0.27039,0.06818,73.31,null
2019-08-23,10389.55,194.02,0.27664,0.0692,75.38,null
2019-08-24,10134.35,190.6,0.27137,0.07035,73.32,null
2019-08-25,10142.69,186.54,0.26954,0.0694,72.1,null
2019-08-26,10372.25,188.67,0.27051,0.0696,73.54,null
2019-08-27,10185.05,187.24,0.26954,0.0685,72.9,null
2019-08-28,9721,173.03,0.25629,0.06398,66.73,null
2019-08-29,9498.44,169.01,0.25698,0.06162,63.59,null
2019-08-30,9584.54,168.5,0.25539,0.06191,64.17,null
2019-08-31,9587.47,171.57,0.25747,0.06194,64.24,null
2019-09-01,9724.98,170.74,0.25593,0.06212,65.89,null
2019-09-02,10340,178.05,0.2606,0.06301,66.92,null
2019-09-03,10615.28,178.75,0.26242,0.06308,69.06,null
2019-09-04,10567.02,174.72,0.25843,0.06168,67.01,null
2019-09-05,10564.49,173.75,0.25617,0.06026,65.23,null
2019-09-06,10298.73,169.08,0.2511,0.05801,64.87,null
2019-09-07,10455.88,177.62,0.25993,0.06053,68.77,null
2019-09-08,10381.18,181.19,0.26205,0.06105,70.36,null
2019-09-09,10303.12,180.54,0.25855,0.06021,69.89,null
2019-09-10,10098.15,179.81,0.25859,0.05963,70.85,null
2019-09-11,10158.33,178.28,0.25519,0.05859,69.8,null
2019-09-12,10415.01,180.72,0.25406,0.05829,69.15,null
2019-09-13,10342.06,180.95,0.2552,0.05777,68.93,null
2019-09-14,10335.02,188.13,0.26124,0.05868,70.5,null
2019-09-15,10302.01,189.03,0.26022,0.05825,70.04,null
2019-09-16,10251.31,197.22,0.26098,0.05864,72.63,null
2019-09-17,10187.82,207.84,0.28561,0.06347,74.04,null
2019-09-18,10156.99,210.21,0.31344,0.08257,77.81,null
2019-09-19,10244.29,220.24,0.30062,0.08072,76.56,null
2019-09-20,10168.59,218.03,0.2936,0.072,75.05,null
2019-09-21,9986.39,215.05,0.28961,0.06968,73.22,null
2019-09-22,10028.87,211.2,0.27653,0.0683,72.23,null
2019-09-23,9702.25,201.29,0.26786,0.0636,66.54,null
2019-09-24,8493.14,165.81,0.23282,0.05275,54.57,null
2019-09-25,8430.05,169.96,0.2457,0.05732,57.43,null
2019-09-26,8063.73,165.92,0.2422,0.05843,55.19,null
2019-09-27,8177.91,173.79,0.24208,0.05888,55.86,null
2019-09-28,8198.81,173.49,0.24163,0.05831,55.37,null
2019-09-29,8043.82,169.24,0.24024,0.05791,53.82,null
2019-09-30,8289.34,180.85,0.2566,0.06182,55.99,null
2019-10-01,8292.44,175.66,0.24788,0.0586,55.63,null
2019-10-02,8359.94,180.24,0.25247,0.05968,56.23,null
2019-10-03,8223.96,174.69,0.24674,0.0585,56.44,null
2019-10-04,8137.13,175.55,0.25243,0.05863,56.3,null
2019-10-05,8126.19,176.25,0.25325,0.05895,56.69,null
2019-10-06,7854.25,170.1,0.25552,0.05839,54.41,null
2019-10-07,8190.09,179.85,0.27592,0.06207,57.46,null
2019-10-08,8168.39,180.6,0.2774,0.06181,56.94,null
2019-10-09,8560.74,192.62,0.28082,0.06308,59.12,null
2019-10-10,8558.03,191.14,0.27021,0.06146,57.47,null
2019-10-11,8258.5,180.72,0.26743,0.0597,55.85,null
2019-10-12,8300.09,179.68,0.27226,0.06083,55.7,null
2019-10-13,8275.01,180.99,0.27726,0.06136,56.46,null
2019-10-14,8348.2,186.72,0.29727,0.06613,56.83,null
2019-10-15,8159.29,180.49,0.28859,0.0639,54.58,null
2019-10-16,7991.74,174.47,0.28331,0.06171,52.45,null
2019-10-17,8070.58,177.16,0.30167,0.06505,54.94,null
2019-10-18,7947.01,172.74,0.29404,0.06299,53.21,null
2019-10-19,7948.01,171.79,0.29145,0.06247,53.72,null
2019-10-20,8223.35,175.22,0.29386,0.0632,54.85,null
2019-10-21,8197.27,173.98,0.29187,0.06387,54.57,null
2019-10-22,8020,171.2,0.29046,0.06321,53.39,null
2019-10-23,7466.62,162.35,0.27306,0.05984,49.5,null
2019-10-24,7412.41,160.38,0.27596,0.06015,49.54,null
2019-10-25,8655.02,181.5,0.29829,0.06429,56.93,null
2019-10-26,9230,179.49,0.29351,0.06264,56.71,null
2019-10-27,9529.93,183.75,0.29818,0.06514,59.78,null
2019-10-28,9205.14,181.72,0.29447,0.0645,57.7,null
2019-10-29,9407.62,190.46,0.30192,0.06662,59.75,null
2019-10-30,9154.72,183.13,0.29471,0.06388,57.89,null
2019-10-31,9140.85,182.18,0.29452,0.06512,58.29,null
2019-11-01,9231.61,182.85,0.29146,0.069,58.23,null
2019-11-02,9289.52,182.91,0.29456,0.07123,58.25,null
2019-11-03,9194.71,181.54,0.29024,0.06863,58.29,null
2019-11-04,9393.35,185.71,0.29863,0.07929,61.29,null
2019-11-05,9308.66,188.68,0.30061,0.08221,63.12,null
2019-11-06,9339.05,191.16,0.31009,0.07684,64.11,null
2019-11-07,9216.2,186.68,0.29061,0.07423,61.39,null
2019-11-08,8773.73,183.74,0.27547,0.07116,60.38,null
2019-11-09,8809.41,184.89,0.2799,0.07314,62.04,null
2019-11-10,9039.47,188.96,0.27894,0.07892,63.65,null
2019-11-11,8733.27,184.98,0.27423,0.08,61.84,null
2019-11-12,8821.94,187.09,0.27222,0.07686,61.42,null
2019-11-13,8777.12,188.11,0.27202,0.07616,60.96,null
2019-11-14,8646.68,184.92,0.26795,0.07414,59,null
2019-11-15,8471.73,180,0.26069,0.07214,57.6,null
2019-11-16,8491.02,182.37,0.26218,0.07126,58.3,null
2019-11-17,8502.4,183.82,0.26311,0.07157,59.22,null
2019-11-18,8187.17,178.2,0.25179,0.06697,55.81,null
2019-11-19,8133.64,175.94,0.25398,0.0656,55.13,null
2019-11-20,8098.01,174.72,0.25014,0.06402,54.98,null
2019-11-21,7627.74,161.01,0.24345,0.06072,50.61,null
2019-11-22,7268.23,149.56,0.23,0.05916,47.32,null
2019-11-23,7311.57,151.84,0.23407,0.06145,48.1,null
2019-11-24,6903.28,139.96,0.21989,0.05546,43.86,null
2019-11-25,7109.57,145.69,0.21731,0.05727,45.47,null
2019-11-26,7156.14,147.47,0.2206,0.05748,46.91,null
2019-11-27,7508.52,152.62,0.224,0.05863,47.7,null
2019-11-28,7419.49,150.72,0.22313,0.05787,46.79,null
2019-11-29,7739.68,154.57,0.22998,0.05898,48.54,null
2019-11-30,7541.89,151.37,0.2255,0.05726,47.21,null
2019-12-01,7390.89,150.73,0.22477,0.05723,47.45,null
2019-12-02,7294.28,148.65,0.21914,0.05565,45.45,null
2019-12-03,7292.71,147.17,0.21951,0.05572,44.75,null
2019-12-04,7194.32,145.38,0.2139,0.05467,44.67,null
2019-12-05,7389,148.1,0.22118,0.05539,44.81,null
2019-12-06,7527.47,148.45,0.22546,0.05538,45.28,null
2019-12-07,7488.21,147.14,0.22699,0.05541,45.15,null
2019-12-08,7510.11,150.44,0.22909,0.0558,45.56,null
2019-12-09,7338.64,147.38,0.22445,0.05462,44.45,null
2019-12-10,7224.13,145.56,0.22256,0.05315,44.09,null
2019-12-11,7210,143.39,0.22093,0.0528,43.7,null
2019-12-12,7198.08,144.87,0.21837,0.05201,43.65,null
2019-12-13,7258.48,144.8,0.22054,0.0527,44.44,null
2019-12-14,7064.05,141.79,0.21605,0.0509,43.25,null
2019-12-15,7118.59,142.46,0.21735,0.05097,43.44,null
2019-12-16,6891.72,132.73,0.2055,0.04696,39.99,null
2019-12-17,6623.82,121.88,0.1831,0.04331,36.92,null
2019-12-18,7277.83,132.78,0.19573,0.04655,40.79,null
2019-12-19,7150.3,128.1,0.1878,0.04519,39.65,null
2019-12-20,7187.83,128.19,0.19521,0.04619,40.17,null
2019-12-21,7132.75,126.99,0.19143,0.04539,39.67,null
2019-12-22,7501.44,132.09,0.19649,0.04723,41.82,null
2019-12-23,7317.09,127.8,0.18953,0.04488,40.56,null
2019-12-24,7255.77,127.75,0.19077,0.04501,40.34,null
2019-12-25,7204.63,125.09,0.18852,0.04436,40.08,null
2019-12-26,7202,125.58,0.18923,0.04468,40.01,null
2019-12-27,7254.74,126.29,0.19003,0.04584,40.95,null
2019-12-28,7316.14,128.11,0.1932,0.04589,42.83,null
2019-12-29,7388.24,134.36,0.19653,0.04619,43.08,null
2019-12-30,7246,131.59,0.19326,0.04552,42.38,null
2019-12-31,7195.23,129.16,0.19295,0.04495,41.3,null
2020-01-01,7200.85,130.77,0.19305,0.04529,41.62,null
2020-01-02,6965.71,127.19,0.1875,0.04361,39.43,null
2020-01-03,7344.96,134.35,0.19338,0.04566,42.23,null
2020-01-04,7354.11,134.2,0.19305,0.04565,42.78,null
2020-01-05,7358.75,135.37,0.19453,0.04544,43.3,null
2020-01-06,7758,144.15,0.2231,0.05046,45.8,null
2020-01-07,8145.28,142.8,0.21335,0.04839,46.3,null
2020-01-08,8055.98,140.72,0.2075,0.04768,45.35,null
2020-01-09,7817.76,137.74,0.20373,0.04718,44.74,null
2020-01-10,8197.02,144.84,0.21284,0.04802,49.06,null
2020-01-11,8020.01,142.38,0.21121,0.04825,49.3,null
2020-01-12,8184.98,146.54,0.21539,0.04905,51.43,null
2020-01-13,8110.34,143.58,0.21134,0.04813,49.6,null
2020-01-14,8810.01,165.64,0.23464,0.0528,58.39,null
2020-01-15,8821.41,166.4,0.23367,0.0548,58.16,null
2020-01-16,8720.01,164.21,0.229,0.05367,57.56,null
2020-01-17,8913.28,169.85,0.23921,0.06072,61.02,null
2020-01-18,8915.96,174.14,0.24357,0.06149,59.32,null
2020-01-19,8701.7,166.79,0.23558,0.06004,57.6,null
2020-01-20,8642.35,166.87,0.23314,0.06274,57.19,null
2020-01-21,8736.03,169.49,0.23726,0.06279,57.57,null
2020-01-22,8682.36,168.07,0.23733,0.06136,58.33,null
2020-01-23,8404.52,162.81,0.22586,0.05833,54.52,null
2020-01-24,8439,162.54,0.22222,0.05714,54.38,null
2020-01-25,8340.58,160.35,0.21946,0.05604,53.25,null
2020-01-26,8615,167.86,0.23131,0.05841,56.24,null
2020-01-27,8907.57,170.08,0.23077,0.05971,58.55,null
2020-01-28,9374.21,175.64,0.23906,0.06072,60.52,null
2020-01-29,9301.53,173.72,0.23539,0.06083,59.8,null
2020-01-30,9513.21,184.69,0.24376,0.0628,67.98,null
2020-01-31,9352.89,179.99,0.23946,0.0606,68,null
2020-02-01,9384.61,183.6,0.24141,0.06224,70.72,null
2020-02-02,9331.51,188.44,0.25093,0.06345,69.93,null
2020-02-03,9292.24,189.69,0.25453,0.0643,69.65,null
2020-02-04,9197.02,188.91,0.26737,0.06634,68.07,null
2020-02-05,9612.04,203.78,0.27774,0.06908,72.59,null
2020-02-06,9772,213.19,0.28325,0.07113,73.6,null
2020-02-07,9813.73,223.33,0.27953,0.07188,74.3,null
2020-02-08,9895.05,223.05,0.27735,0.0709,76.56,null
2020-02-09,10151.75,228.49,0.28257,0.07327,77,null
2020-02-10,9851.83,222.89,0.27338,0.07051,74.02,null
2020-02-11,10223.08,236.69,0.281,0.07404,76.46,null
2020-02-12,10326.46,265.74,0.30427,0.08004,81.17,null
2020-02-13,10229.63,268.32,0.32709,0.08325,80.55,null
2020-02-14,10344.36,285.15,0.33594,0.08671,83.14,null
2020-02-15,9904.72,264.88,0.30729,0.07892,76.7,null
2020-02-16,9917.27,258.85,0.29224,0.07437,74.67,null
2020-02-17,9706,267.85,0.28736,0.07272,73.41,null
2020-02-18,10164.71,282.61,0.29827,0.07603,77.25,null
2020-02-19,9593.79,258.45,0.27466,0.07013,70.61,null
2020-02-20,9596.42,256.96,0.2709,0.0704,69.4,null
2020-02-21,9677.05,265.27,0.27418,0.07099,73.25,null
2020-02-22,9650.86,261.57,0.27468,0.0703,74.79,null
2020-02-23,9936.4,274.48,0.28298,0.07299,79.52,null
2020-02-24,9656.13,265.52,0.2704,0.06911,75.59,null
2020-02-25,9315.84,246.67,0.25209,0.06402,70.98,null
2020-02-26,8785.25,223.93,0.22915,0.05873,60.53,null
2020-02-27,8823.21,227.79,0.2385,0.06045,61.77,null
2020-02-28,8692.91,226.76,0.23663,0.05841,59.89,null
2020-02-29,8523.61,217.21,0.22892,0.05694,58.05,null
2020-03-01,8531.88,217.81,0.22696,0.05582,57.7,null
2020-03-02,8915.24,231.97,0.23958,0.05968,61.42,null
2020-03-03,8760.07,223.91,0.23428,0.05816,61.01,null
2020-03-04,8750.87,224.26,0.23453,0.05857,60.38,null
2020-03-05,9054.68,228.38,0.23909,0.05966,62.06,null
2020-03-06,9131.88,244.88,0.24477,0.06137,63.22,null
2020-03-07,8886.66,237.23,0.23622,0.05828,60.46,null
2020-03-08,8033.31,199.43,0.20385,0.04969,51,null
2020-03-09,7929.87,202.81,0.20952,0.05235,50.39,null
2020-03-10,7894.56,200.7,0.21185,0.05198,50.26,null
2020-03-11,7934.52,194.61,0.20813,0.05042,48.53,null
2020-03-12,4800,107.82,0.13549,0.03174,29.83,null
2020-03-13,5578.6,134.06,0.15872,0.03962,37.52,null
2020-03-14,5172.06,122.54,0.14588,0.03677,34.4,null
2020-03-15,5361.3,123.78,0.15308,0.03786,36.38,null
2020-03-16,5028.97,111.02,0.14102,0.03534,33.2,null
2020-03-17,5312.64,115.67,0.14694,0.03718,34.07,null
2020-03-18,5393.04,118.11,0.1476,0.0369,34.71,null
2020-03-19,6162.37,136.3,0.1646,0.04134,38.9,null
2020-03-20,6208.36,133.48,0.15695,0.03995,38.08,null
2020-03-21,6186.98,132.66,0.15797,0.03956,38.32,null
2020-03-22,5816.19,122.32,0.14776,0.03679,35.4,null
2020-03-23,6467.31,135.92,0.15854,0.03938,38.94,null
2020-03-24,6744.72,138.42,0.16225,0.04031,40.57,null
2020-03-25,6677.43,136.1,0.16168,0.04052,39.17,null
2020-03-26,6737.36,138.4,0.17593,0.04284,40.41,null
2020-03-27,6359.11,131.33,0.17269,0.0404,38.04,null
2020-03-28,6236.65,130.98,0.17543,0.03995,38.87,null
2020-03-29,5881.42,124.5,0.16278,0.03773,37.11,null
2020-03-30,6394.38,132.06,0.17112,0.04004,38.91,null
2020-03-31,6410.44,132.72,0.17353,0.04071,39.08,null
2020-04-01,6642.92,135.69,0.17494,0.04079,39.23,null
2020-04-02,6794.09,141.28,0.17828,0.04123,39.86,null
2020-04-03,6734.1,141.31,0.17957,0.0414,40.46,null
2020-04-04,6856.99,144.1,0.18114,0.04184,40.71,null
2020-04-05,6772.78,142.68,0.17925,0.0435,40.31,null
2020-04-06,7329.9,171.32,0.19803,0.04985,45.04,null
2020-04-07,7197.32,164.63,0.19285,0.04845,44.77,null
2020-04-08,7361.28,173.11,0.20192,0.05125,46.55,null
2020-04-09,7283.54,169.52,0.19829,0.05198,46.21,null
2020-04-10,6858.92,157.81,0.18758,0.0477,42.25,null
2020-04-11,6876.83,158.33,0.1885,0.04975,42.54,null
2020-04-12,6903.79,158.59,0.18939,0.04895,42,null
2020-04-13,6837.91,156.29,0.18763,0.04816,41.22,null
2020-04-14,6868.7,158.45,0.18613,0.04805,41.22,null
2020-04-15,6621.24,152.73,0.1805,0.04607,39.22,null
2020-04-16,7101.94,172.29,0.19053,0.04913,42.53,null
2020-04-17,7027.55,170.69,0.18863,0.04856,42.19,null
2020-04-18,7248.6,187.4,0.19544,0.05056,44.14,null
2020-04-19,7120.74,180.03,0.18901,0.0488,42.23,null
2020-04-20,6826.83,170.2,0.18151,0.04947,40.21,null
2020-04-21,6841.37,170.74,0.18341,0.05085,40.59,null
2020-04-22,7125.14,182.7,0.18804,0.05498,41.8,null
2020-04-23,7482.39,185.51,0.1926,0.06208,42.98,null
2020-04-24,7505,187.59,0.19325,0.06116,44.53,null
2020-04-25,7538.67,194.21,0.19418,0.06177,44.38,null
2020-04-26,7693.1,197.38,0.19618,0.06188,44.52,null
2020-04-27,7774.62,196.34,0.19747,0.06719,44.46,null
2020-04-28,7738.98,196.24,0.21416,0.06855,45.69,null
2020-04-29,8778.57,215.36,0.22648,0.07216,48.81,null
2020-04-30,8620,206.08,0.21135,0.06756,46.33,null
2020-05-01,8826.96,212.02,0.21786,0.0729,47.07,null
2020-05-02,8972.05,213.9,0.22369,0.07552,49.2,null
2020-05-03,8894.16,209.86,0.21936,0.073,48.05,null
2020-05-04,8871.96,206.48,0.21776,0.07332,46.96,null
2020-05-05,9021.83,205.29,0.21688,0.07208,46.54,null
2020-05-06,9142.92,198.97,0.21158,0.06962,44.94,null
2020-05-07,9986.4,212,0.21862,0.07207,47.37,null
2020-05-08,9800.01,211.31,0.21865,0.07252,47.69,null
2020-05-09,9539.4,210.07,0.21642,0.07141,46.95,null
2020-05-10,8722.77,187.54,0.19702,0.06405,42.06,null
2020-05-11,8561.52,185.73,0.19254,0.06234,41.51,null
2020-05-12,8810.79,189.76,0.19711,0.07017,42.18,null
2020-05-13,9309.37,199.58,0.20177,0.06977,43.18,null
2020-05-14,9791.98,203.29,0.20386,0.06926,43.98,null
2020-05-15,9316.42,194.86,0.19818,0.06728,42.74,null
2020-05-16,9381.27,200.45,0.19969,0.06806,43.25,null
2020-05-17,9680.04,207,0.20131,0.06873,43.71,null
2020-05-18,9733.93,214.91,0.20543,0.07027,45.32,null
2020-05-19,9775.53,214.58,0.20496,0.06979,45.73,null
2020-05-20,9511.43,209.98,0.20179,0.07093,44.25,null
2020-05-21,9068.65,198.74,0.19434,0.06644,42.73,null
2020-05-22,9170,207.36,0.20034,0.06811,44.23,null
2020-05-23,9179.15,206.6,0.19883,0.06713,43.85,null
2020-05-24,8720.34,199.9,0.19256,0.0639,42.08,null
2020-05-25,8900.35,204.15,0.19622,0.06624,42.97,null
2020-05-26,8841.18,200.89,0.19372,0.06506,42.27,null
2020-05-27,9204.07,208.29,0.19791,0.06597,43.85,null
2020-05-28,9575.89,220.21,0.20052,0.0691,44.77,null
2020-05-29,9427.07,220.67,0.19759,0.06777,44.47,null
2020-05-30,9697.72,243.66,0.20701,0.07252,47.72,null
2020-05-31,9448.27,231.57,0.20245,0.0705,45.61,null
2020-06-01,10200.77,248.23,0.211,0.07573,48.25,null
2020-06-02,9518.04,237.71,0.20301,0.07951,45.99,null
2020-06-03,9666.24,244.52,0.2041,0.08278,47.16,null
2020-06-04,9789.06,243.21,0.20427,0.08204,47.43,null
2020-06-05,9621.16,240.03,0.20274,0.07888,46.83,null
2020-06-06,9666.3,241.94,0.20361,0.0797,46.79,null
2020-06-07,9746.99,244.56,0.20329,0.0788,46.63,null
2020-06-08,9782.01,246.4,0.20403,0.08006,46.43,null
2020-06-09,9772.43,243.8,0.20127,0.07817,45.87,null
2020-06-10,9885,247.78,0.20266,0.07885,46.63,null
2020-06-11,9280.4,230.51,0.18817,0.07107,43.22,null
2020-06-12,9465.13,237.55,0.19307,0.07282,44.72,null
2020-06-13,9473.34,238.11,0.19234,0.07409,45.08,null
2020-06-14,9342.1,231.77,0.19022,0.07077,44.05,null
2020-06-15,9426.02,230.86,0.19238,0.07098,43.73,null
2020-06-16,9525.59,235.3,0.19238,0.07136,43.88,null
2020-06-17,9465.14,233.82,0.19315,0.07187,44.07,null
2020-06-18,9386.32,231.27,0.18975,0.07058,43.43,null
2020-06-19,9310.23,229,0.18722,0.06959,42.89,null
2020-06-20,9358.95,228.89,0.18792,0.06979,43.57,null
2020-06-21,9294.69,228.04,0.18602,0.0685,43,null
2020-06-22,9685.69,243.13,0.18928,0.07188,44.3,null
2020-06-23,9624.89,243.14,0.18889,0.07103,44.18,null
2020-06-24,9296.49,234.58,0.18348,0.06894,42.65,null
2020-06-25,9249.49,232.5,0.18156,0.06755,42.35,null
2020-06-26,9162.21,229.64,0.18249,0.06695,43.09,null
2020-06-27,9012,220.94,0.17509,0.06279,41.06,null
2020-06-28,9116.35,224.93,0.17693,0.06424,41.37,null
2020-06-29,9192.56,227.93,0.17726,0.06503,41.87,null
2020-06-30,9138.55,225.6,0.17533,0.06692,41.17,null
2020-07-01,9232,230.99,0.17647,0.06837,41.77,null
2020-07-02,9086.54,226.46,0.17477,0.06761,41.05,null
2020-07-03,9058.26,224.87,0.1762,0.06698,41.14,null
2020-07-04,9135.46,229.17,0.17808,0.06798,42.11,null
2020-07-05,9069.41,227.56,0.17695,0.06717,41.58,null
2020-07-06,9344.2,241.6,0.18875,0.07174,44.06,null
2020-07-07,9257.39,239.39,0.18508,0.07348,43.39,null
2020-07-08,9436.06,246.95,0.20551,0.08538,45.35,null
2020-07-09,9232.43,241.98,0.20263,0.09048,44.33,null
2020-07-10,9288.34,241.26,0.19909,0.089,44.3,null
2020-07-11,9234.03,239.19,0.2011,0.09411,44.69,null
2020-07-12,9302.75,242.79,0.20128,0.09532,44.7,null
2020-07-13,9242.62,239.5,0.19867,0.09009,43.92,null
2020-07-14,9255.85,240.44,0.19909,0.09208,43.88,null
2020-07-15,9197.6,238.61,0.19721,0.09436,43.33,null
2020-07-16,9133.72,233.57,0.19444,0.10207,42.09,null
2020-07-17,9154.32,232.67,0.1944,0.10397,41.9,null
2020-07-18,9170.28,235.67,0.1999,0.10077,42.45,null
2020-07-19,9208.99,239.11,0.19956,0.1001,42.64,null
2020-07-20,9160.78,236.01,0.19465,0.09428,41.94,null
2020-07-21,9390,245.59,0.19949,0.09653,43.77,null
2020-07-22,9518.16,263.74,0.20348,0.09738,44.96,null
2020-07-23,9603.27,275.3,0.20851,0.09815,44.94,null
2020-07-24,9537.8,279.15,0.20392,0.09576,44.11,null
2020-07-25,9700.42,305.26,0.21463,0.10085,49.16,null
2020-07-26,9931.54,311,0.21532,0.09902,48.1,null
2020-07-27,11029.96,321.93,0.22437,0.09464,53.28,null
2020-07-28,10906.27,316.77,0.23029,0.09709,55.75,null
2020-07-29,11100.53,317.71,0.24327,0.09498,55.16,null
2020-07-30,11099.61,334.87,0.24408,0.09628,56.75,null
2020-07-31,11335.46,346.33,0.25939,0.0969,58.13,null
2020-08-01,11801.17,387,0.29089,0.10758,61.65,null
2020-08-02,11071.35,372.42,0.28803,0.10251,56.77,null
2020-08-03,11219.81,385.94,0.31016,0.10516,58.48,null
2020-08-04,11191.97,389.61,0.30138,0.11015,57.61,null
2020-08-05,11744.91,400.72,0.30228,0.10749,58.88,null
2020-08-06,11762.46,394.77,0.30311,0.10624,59.03,null
2020-08-07,11594.23,379.34,0.29437,0.10306,57.17,null
2020-08-08,11761.41,397.03,0.29527,0.10325,58.46,null
2020-08-09,11681.68,390.14,0.2879,0.10505,56.96,null
2020-08-10,11892.92,395.44,0.29469,0.10625,58.27,null
2020-08-11,11392.08,379,0.2831,0.10015,54.1,null
2020-08-12,11564.33,387.18,0.28233,0.10147,54.52,null
2020-08-13,11780,424.54,0.2942,0.10111,57.14,null
2020-08-14,11760.54,438.11,0.29995,0.10479,56.78,null
2020-08-15,11852.4,432.32,0.29884,0.10707,59.85,null
2020-08-16,11911,433.62,0.30455,0.11517,63.87,null
2020-08-17,12281.13,430.89,0.31539,0.11383,67.22,null
2020-08-18,11945.01,421.95,0.30251,0.10807,65.4,null
2020-08-19,11754.59,407.46,0.28975,0.10222,62.12,null
2020-08-20,11853.55,415.94,0.29218,0.10728,62.8,null
2020-08-21,11531.34,387.97,0.27933,0.09949,59.2,null
2020-08-22,11662.96,395.24,0.28592,0.10223,60.21,null
2020-08-23,11648.13,390.71,0.2848,0.10293,60.55,null
2020-08-24,11748.2,407.68,0.2884,0.10294,62.02,null
2020-08-25,11318.42,382.93,0.27625,0.09714,58.34,null
2020-08-26,11461.43,385.81,0.27653,0.09804,58.1,null
2020-08-27,11330.38,383.27,0.26469,0.09376,56.1,null
2020-08-28,11526.91,395.11,0.27174,0.09569,57.38,null
2020-08-29,11465.84,398.65,0.2738,0.09615,56.97,null
2020-08-30,11711.16,428.94,0.28302,0.09821,62.89,null
2020-08-31,11649.51,433.79,0.28115,0.09678,60.92,null
2020-09-01,11921.97,475.4,0.29521,0.09881,62.69,null
2020-09-02,11388.54,439.5,0.27595,0.09228,58.06,null
2020-09-03,10140.85,381.4,0.24409,0.07781,47.28,null
2020-09-04,10446.25,385.26,0.25385,0.08074,50.32,null
2020-09-05,10166.69,335.01,0.23738,0.07541,47.83,null
2020-09-06,10256.2,352.8,0.23986,0.07742,47.92,null
2020-09-07,10373.44,353.59,0.24198,0.07867,48.84,null
2020-09-08,10126.65,337.39,0.23657,0.07745,47.47,null
2020-09-09,10219.2,350.85,0.23901,0.07832,47.82,null
2020-09-10,10336.87,367.93,0.24302,0.08117,48.67,null
2020-09-11,10387.89,373.63,0.24252,0.08374,48.96,null
2020-09-12,10440.92,387.78,0.24752,0.08382,50.8,null
2020-09-13,10332.83,366.42,0.24218,0.08001,48.15,null
2020-09-14,10671.77,377.12,0.24564,0.08021,49.08,null
2020-09-15,10785.31,364.06,0.24331,0.07778,48.31,null
2020-09-16,10954.01,365.11,0.24686,0.07999,47.76,null
2020-09-17,10939.99,389.36,0.25214,0.08043,48.85,null
2020-09-18,10933.39,384.39,0.25065,0.07825,48.54,null
2020-09-19,11080.65,385.25,0.25112,0.07857,48.52,null
2020-09-20,10920.28,371.04,0.24652,0.07693,47.09,null
2020-09-21,10417.22,340.36,0.23102,0.06996,43.16,null
2020-09-22,10529.61,344.21,0.23302,0.07167,44.47,null
2020-09-23,10241.46,320.72,0.22164,0.0674,42.96,null
2020-09-24,10736.32,348.97,0.23276,0.07043,44.92,null
2020-09-25,10686.67,351.92,0.24154,0.07467,46.02,null
2020-09-26,10728.6,353.92,0.24153,0.07385,46.03,null
2020-09-27,10774.25,357.49,0.24334,0.07335,46.05,null
2020-09-28,10696.12,353.96,0.24107,0.07323,45.23,null
2020-09-29,10840.48,359.79,0.24285,0.07407,45.69,null
2020-09-30,10776.59,359.83,0.24171,0.07484,46.24,null
2020-10-01,10619.13,352.85,0.23819,0.07314,46.25,null
2020-10-02,10570.4,345.6,0.23386,0.07096,44.88,null
2020-10-03,10542.06,345.95,0.23273,0.071,45.51,null
2020-10-04,10666.63,352.37,0.24794,0.0729,46.69,null
2020-10-05,10792.21,353.62,0.2503,0.07331,46.34,null
2020-10-06,10599.66,340.75,0.24545,0.07237,45.99,null
2020-10-07,10666.39,341.58,0.2487,0.07233,46.55,null
2020-10-08,10925.57,350.95,0.25141,0.07311,47.21,null
2020-10-09,11050.64,365.02,0.25293,0.07502,47.78,null
2020-10-10,11293.22,370.52,0.25402,0.0773,48.88,null
2020-10-11,11369.02,374.16,0.25544,0.07713,50.48,null
2020-10-12,11528.25,386.51,0.25603,0.07761,50.58,null
2020-10-13,11420.56,381.04,0.2565,0.07635,49.89,null
2020-10-14,11417.89,378.69,0.24906,0.07398,49.79,null
2020-10-15,11505.12,377.64,0.24596,0.07408,49.53,null
2020-10-16,11319.32,365.5,0.24011,0.07909,47.6,null
2020-10-17,11360.2,368.32,0.24057,0.08152,46.93,null
2020-10-18,11503.14,378.11,0.24221,0.07942,47.54,null
2020-10-19,11751.47,379.3,0.24558,0.0852,47.99,null
2020-10-20,11909.99,368.52,0.24322,0.08075,46.88,null
2020-10-21,12780.96,390.38,0.25088,0.08358,52.98,null
2020-10-22,12968.52,413.98,0.25709,0.08552,54.35,null
2020-10-23,12923.07,409.11,0.25471,0.08368,55.42,null
2020-10-24,13111.73,412.14,0.2562,0.08561,59.23,null
2020-10-25,13028.83,405.86,0.25313,0.08304,58.84,null
2020-10-26,13052.19,392.52,0.2481,0.08104,56.82,null
2020-10-27,13636.17,403.45,0.25273,0.08183,57.91,null
2020-10-28,13266.4,388.23,0.2454,0.07832,55.77,null
2020-10-29,13455.7,387.13,0.24239,0.0775,54.87,null
2020-10-30,13560.1,382.49,0.23905,0.07669,54.01,null
2020-10-31,13791,386.46,0.23968,0.07775,55.72,null
2020-11-01,13761.5,396.67,0.23999,0.07861,55.6,null
2020-11-02,13549.37,383.02,0.23523,0.07557,53.8,null
2020-11-03,14023.53,387.88,0.2396,0.07542,53.96,null
2020-11-04,14144.01,402.49,0.23758,0.07456,54.67,null
2020-11-05,15590.02,416.69,0.24561,0.08039,58.95,null
2020-11-06,15579.92,455.91,0.25863,0.08388,63.2,null
2020-11-07,14818.3,435.21,0.2491,0.07952,58.9,null
2020-11-08,15475.1,454.3,0.25374,0.0815,61.02,null
2020-11-09,15328.41,444.32,0.25059,0.0797,59.23,null
2020-11-10,15297.21,450.34,0.2538,0.07967,57.93,null
2020-11-11,15684.24,463.09,0.25581,0.08039,59.27,null
2020-11-12,16291.86,462.39,0.2549,0.08069,60.72,null
2020-11-13,16320.7,476.43,0.2659,0.08249,65.96,null
2020-11-14,16070.45,460.89,0.26824,0.08094,63.85,null
2020-11-15,15957,448.08,0.26954,0.08009,62.28,null
2020-11-16,16713.57,460.55,0.28813,0.0825,73.84,null
2020-11-17,17659.38,482.15,0.30247,0.0865,76.32,null
2020-11-18,17776.12,478.41,0.29335,0.08365,73.42,null
2020-11-19,17802.82,471.25,0.30358,0.08401,81.53,null
2020-11-20,18655.67,510.12,0.32991,0.08853,82.53,null
2020-11-21,18703.8,552.35,0.46283,0.109,87.14,null
2020-11-22,18414.43,560.03,0.44611,0.10426,82.87,null
2020-11-23,18368,608.58,0.61579,0.13231,89.03,null
2020-11-24,19160.01,604.97,0.694,0.19571,89.25,null
2020-11-25,18719.11,569.5,0.63022,0.19295,81.75,null
2020-11-26,17149.47,519.83,0.53654,0.16835,71,null
2020-11-27,17139.52,518.68,0.5623,0.20699,69.15,null
2020-11-28,17719.85,537.52,0.62579,0.20021,72.7,null
2020-11-29,18184.99,576.3,0.60543,0.19423,78.91,null
2020-11-30,19695.87,616.66,0.66417,0.20295,87.65,null
2020-12-01,18764.96,585.26,0.61088,0.18382,85.08,null
2020-12-02,19204.09,596.89,0.62972,0.18514,88.9,null
2020-12-03,19421.9,615.85,0.63046,0.18436,89,null
2020-12-04,18650.52,567.24,0.55367,0.16154,79.52,null
2020-12-05,19147.66,596.8,0.58517,0.1717,83.14,null
2020-12-06,19359.4,601.54,0.62107,0.17593,83.55,null
2020-12-07,19166.9,591.28,0.60818,0.16804,83.37,null
2020-12-08,18324.11,554.94,0.5589,0.15263,76.76,null
2020-12-09,18541.28,573.09,0.58265,0.17206,77.41,null
2020-12-10,18254.63,558.99,0.57267,0.16073,74.7,null
2020-12-11,18036.53,544.43,0.54945,0.15077,72.2,null
2020-12-12,18808.69,568.04,0.50658,0.15888,76.67,null
2020-12-13,19174.99,590.7,0.51365,0.1761,82.28,null
2020-12-14,19273.14,586.29,0.4974,0.1702,82.35,null
2020-12-15,19426.43,588.64,0.46793,0.1661,81.32,null
2020-12-16,21335.52,637.18,0.56941,0.19321,92.94,null
2020-12-17,22797.16,642.7,0.5769,0.18612,101.01,null
2020-12-18,23107.39,653.85,0.58337,0.18525,109.34,null
2020-12-19,23821.61,658.03,0.57666,0.18139,119.85,null
2020-12-20,23455.52,638.18,0.55586,0.17666,114.58,null
2020-12-21,22719.71,607.58,0.51445,0.16519,104.45,null
2020-12-22,23810.79,636.45,0.44642,0.16212,114.32,null
2020-12-23,23232.76,585.56,0.2605,0.12661,102.45,null
2020-12-24,23729.2,612.31,0.33863,0.15818,111.13,null
2020-12-25,24712.47,626.82,0.31768,0.15238,127.78,null
2020-12-26,26493.39,637.44,0.29481,0.14673,129.61,null
2020-12-27,26281.66,685.11,0.28407,0.14527,127.88,null
2020-12-28,27079.41,730.41,0.24845,0.14448,129.83,null
2020-12-29,27385,732,0.22142,0.13831,128.8,null
2020-12-30,28875.54,752.17,0.21138,0.13175,130.05,null
2020-12-31,28923.63,736.42,0.21959,0.12762,124.21,null
2021-01-01,29331.69,728.91,0.23746,0.13207,126.24,null
2021-01-02,32178.33,774.56,0.22064,0.12751,136.96,null
2021-01-03,33000.05,978.28,0.2254,0.13653,161.24,null
2021-01-04,31988.71,1041.43,0.23565,0.16404,155.34,null
2021-01-05,33949.53,1099.56,0.22573,0.19291,158.43,null
2021-01-06,36769.36,1208.42,0.24854,0.33938,168.92,null
2021-01-07,39432.28,1224.87,0.32389,0.31124,169.35,null
2021-01-08,40582.81,1216.93,0.32032,0.297,172.19,null
2021-01-09,40088.22,1276,0.32419,0.31054,177.26,null
2021-01-10,38150.02,1254.25,0.31491,0.2845,170.07,null
2021-01-11,35404.47,1087.01,0.28743,0.27119,138.87,null
2021-01-12,34051.24,1050.16,0.29254,0.27993,133.42,null
2021-01-13,37371.38,1129.89,0.30582,0.30356,147.38,null
2021-01-14,39144.5,1231.62,0.29642,0.3035,152.5,null
2021-01-15,36742.22,1168.53,0.27991,0.28374,143.65,null
2021-01-16,35994.98,1227.83,0.27924,0.29075,143.52,null
2021-01-17,35828.61,1232.45,0.27746,0.3038,142.8,null
2021-01-18,36631.27,1258.45,0.28528,0.30544,151.96,null
2021-01-19,35891.49,1365.36,0.29396,0.29748,151.86,null
2021-01-20,35468.23,1376.99,0.29539,0.29358,149.69,null
2021-01-21,30850.13,1110.96,0.26802,0.2514,129.72,null
2021-01-22,32945.17,1232.62,0.27217,0.26941,137.66,null
2021-01-23,32078,1233.6,0.27167,0.26977,137.67,null
2021-01-24,32259.9,1392.51,0.27339,0.27138,141.01,null
2021-01-25,32254.2,1317.88,0.26757,0.26102,137.07,null
2021-01-26,32467.77,1365.97,0.26834,0.26144,134.67,null
2021-01-27,30366.15,1239.03,0.25039,0.23779,122.44,null
2021-01-28,33364.86,1329.69,0.26407,0.29306,133.27,null
2021-01-29,34252.2,1379.5,0.2829,0.29322,134.65,null
2021-01-30,34262.88,1378.05,0.44372,0.32791,133.36,null
2021-01-31,33092.98,1312.55,0.49507,0.30704,129.36,null
2021-02-01,33526.37,1374.17,0.37106,0.32323,132,null
2021-02-02,35466.24,1511.87,0.37254,0.33932,141.98,null
2021-02-03,37618.87,1664.49,0.39721,0.3467,155.93,null
2021-02-04,36936.66,1595.67,0.44545,0.32569,145.07,null
2021-02-05,38290.24,1719.19,0.45219,0.35155,155.05,null
2021-02-06,39186.94,1676.35,0.44307,0.37739,155.57,null
2021-02-07,38795.69,1611.62,0.41849,0.3854,150.76,null
2021-02-08,46374.87,1750.15,0.45099,0.3966,167.28,null
2021-02-09,46420.42,1769.13,0.47636,0.40022,181.49,null
2021-02-10,44807.58,1740.78,0.50429,0.41495,181.56,null
2021-02-11,47969.51,1785.62,0.52806,0.45604,183.62,null
2021-02-12,47287.6,1840.26,0.609,0.52853,196.69,null
2021-02-13,47153.69,1814.96,0.63309,0.56456,225.76,null
2021-02-14,48577.79,1800.42,0.59211,0.51591,213.49,null
2021-02-15,47911.1,1779.25,0.54976,0.49474,207.83,null
2021-02-16,49133.45,1781.99,0.51995,0.48534,210.26,null
2021-02-17,52119.71,1849.88,0.53467,0.49737,237.49,null
2021-02-18,51552.6,1939.61,0.53204,0.49656,226.59,null
2021-02-19,55906,1955,0.56465,0.51278,236.5,null
2021-02-20,55841.19,1913,0.51167,0.48613,226.65,null
2021-02-21,57408.57,1933.53,0.54468,0.49601,227.13,null
2021-02-22,54087.67,1777.58,0.56646,0.46363,208.32,null
2021-02-23,48891,1577.89,0.47579,0.38652,177.34,null
2021-02-24,49676.2,1623.39,0.4686,0.40538,181.43,null
2021-02-25,47073.73,1481.75,0.43601,0.38022,179.36,null
2021-02-26,46276.87,1444.59,0.42788,0.4003,170.25,null
2021-02-27,46106.43,1458.13,0.43589,0.43792,171.76,null
2021-02-28,45135.66,1419.18,0.41565,0.40587,165.22,null
2021-03-01,49587.03,1569.86,0.44537,0.43069,175.89,null
2021-03-02,48440.65,1486.78,0.4357,0.41856,179.08,null
2021-03-03,50349.37,1567.69,0.44846,0.42052,187.64,null
2021-03-04,48374.09,1539.23,0.48096,0.41182,180.67,null
2021-03-05,48751.71,1528.31,0.45457,0.40483,180.23,null
2021-03-06,48882.2,1650.35,0.46285,0.40142,182.85,null
2021-03-07,50971.75,1726.16,0.46558,0.41265,190.75,null
2021-03-08,52375.17,1833.18,0.47412,0.41821,191.85,null
2021-03-09,54884.5,1870.51,0.4849,0.43186,203.81,null
2021-03-10,55851.59,1795.12,0.46155,0.40889,200.29,null
2021-03-11,57773.16,1825.78,0.45187,0.40564,201.36,null
2021-03-12,57221.72,1766.1,0.43934,0.38657,220.84,null
2021-03-13,61188.39,1922.35,0.45787,0.40661,226.06,null
2021-03-14,58968.31,1848.1,0.43905,0.38831,213.94,null
2021-03-15,55605.2,1793.48,0.43574,0.38429,200.59,null
2021-03-16,56900.75,1805.12,0.46024,0.39563,201.6,null
2021-03-17,58912.97,1823.58,0.4698,0.40268,205.98,null
2021-03-18,57648.16,1776.08,0.46893,0.39439,199.7,null
2021-03-19,58030.01,1809.1,0.46651,0.39486,199.96,null
2021-03-20,58102.28,1806.1,0.52613,0.41577,200.17,null
2021-03-21,57351.56,1782.98,0.51651,0.40347,195.31,null
2021-03-22,54083.25,1680.97,0.5441,0.39238,185.67,null
2021-03-23,54340.89,1668.08,0.5498,0.39518,185.83,null
2021-03-24,52303.65,1581.84,0.48021,0.36153,176.05,null
2021-03-25,51293.78,1585.74,0.51058,0.36112,171.53,null
2021-03-26,55025.59,1698.84,0.56357,0.3846,183.45,null
2021-03-27,55817.14,1712.63,0.54752,0.38185,184.06,null
2021-03-28,55777.63,1687.01,0.54552,0.39755,184.24,null
2021-03-29,57635.47,1816.74,0.56538,0.40446,193.73,null
2021-03-30,58746.57,1840.46,0.5621,0.40076,195.74,null
2021-03-31,58740.55,1919.37,0.56982,0.4056,196.7,null
2021-04-01,58720.44,1968.05,0.57087,0.4243,202.86,null
2021-04-02,58950.01,2133.69,0.60701,0.43897,211.46,null
2021-04-03,57051.94,2008.52,0.57831,0.40809,195.23,null
2021-04-04,58202.01,2075.69,0.635,0.42851,202.21,null
2021-04-05,59129.99,2107.38,0.91584,0.53706,221.48,null
2021-04-06,57991.15,2112.21,1.09663,0.54206,237.04,null
2021-04-07,55953.45,1963.47,0.91542,0.47257,219.05,null
2021-04-08,58077.52,2080.46,1.05599,0.505,226.11,null
2021-04-09,58142.54,2066.87,1.01721,0.48607,221.12,null
2021-04-10,59769.13,2133.49,1.3728,0.56192,256.34,null
2021-04-11,60002.43,2151.36,1.35118,0.5844,252.31,null
2021-04-12,59860,2137.69,1.46843,0.59051,244.42,null
2021-04-13,63575,2299.19,1.79611,0.65701,267.59,null
2021-04-14,62959.53,2432.6,1.83468,0.63505,278.86,null
2021-04-15,63159.98,2514.04,1.75781,0.63966,285.63,null
2021-04-16,61334.8,2422.67,1.54805,0.61005,308.43,null
2021-04-17,60006.66,2317.6,1.53896,0.59137,300.86,null
2021-04-18,56150.01,2235.64,1.40797,0.54459,273.36,null
2021-04-19,55633.14,2161.12,1.30945,0.49982,261.38,null
2021-04-20,56425,2330.03,1.38501,0.52877,260.68,null
2021-04-21,53787.63,2357.06,1.29097,0.48894,257.69,null
2021-04-22,51690.96,2397.94,1.15489,0.44951,252.5,null
2021-04-23,51125.14,2367.39,1.17073,0.45069,241.31,null
2021-04-24,50047.84,2213.35,1.04833,0.42507,224.75,null
2021-04-25,49066.77,2320.49,1.0351,0.4162,223.88,null
2021-04-26,54001.39,2532.6,1.3629,0.486,247.42,null
2021-04-27,55011.97,2666.13,1.4017,0.50963,259.77,null
2021-04-28,54846.22,2748.24,1.3576,0.49687,258.51,null
2021-04-29,53555,2757.04,1.3978,0.49162,255.31,null
2021-04-30,57694.27,2772.42,1.5988,0.52966,271.13,null
2021-05-01,57800.37,2944.77,1.651,0.54,276.78,null
2021-05-02,56578.21,2949.56,1.5605,0.55601,268.88,null
2021-05-03,57169.39,3431.04,1.5546,0.55044,294.87,null
2021-05-04,53200.01,3239.01,1.3877,0.50152,305.23,null
2021-05-05,57436.11,3524.26,1.6133,0.60473,356.04,null
2021-05-06,56393.68,3489.73,1.6028,0.65085,354.67,null
2021-05-07,57314.75,3479.53,1.5793,0.63063,344.89,null
2021-05-08,58862.05,3910.26,1.5611,0.6138,347.1,null
2021-05-09,58240.84,3923.95,1.5345,0.62804,387.8,null
2021-05-10,55816.14,3945.88,1.3906,0.65643,358.89,null
2021-05-11,56670.02,4173.45,1.4786,0.73465,377.6,null
2021-05-12,49631.32,3823.21,1.2691,0.59554,310.4,null
2021-05-13,49670.97,3717.91,1.364,0.65366,317.95,null
2021-05-14,49841.45,4075.01,1.4,0.66885,326.23,null
2021-05-15,46762.99,3646.68,1.4904,0.68081,300.3,null
2021-05-16,46431.5,3582.1,1.4496,0.71027,295.89,null
2021-05-17,43538.04,3282.51,1.4946,0.64323,281.53,null
2021-05-18,42849.78,3375.07,1.5889,0.6454,293.98,null
2021-05-19,36690.09,2438.92,1.0568,0.44315,185.93,null
2021-05-20,40526.64,2768.62,1.1795,0.49469,210.74,null
2021-05-21,37252.01,2430.98,1.0062,0.41884,179.97,null
2021-05-22,37449.73,2294.87,0.9052,0.38917,169.32,null
2021-05-23,34655.25,2096.39,0.7898,0.362,142.39,null
2021-05-24,38796.29,2648.43,0.993,0.43964,185.32,null
2021-05-25,38324.72,2705.11,0.9746,0.42922,183.76,null
2021-05-26,39241.91,2884.94,1.0316,0.44368,198.91,null
2021-05-27,38529.98,2742.23,0.9747,0.42058,194.32,null
2021-05-28,35663.49,2412.1,0.8985,0.39933,177.33,null
2021-05-29,34605.15,2278.74,0.8318,0.36728,164.01,null
2021-05-30,35641.27,2385.98,0.9058,0.37466,170.51,null
2021-05-31,37253.81,2706.15,1.0409,0.40243,187.97,null
2021-06-01,36693.09,2634.57,1.0108,0.41864,182.99,null
2021-06-02,37568.68,2706.22,1.0241,0.4188,187.14,null
2021-06-03,39246.79,2857.25,1.045,0.4253,193.5,null
